<?xml version="1.0" encoding="UTF-8"?>
<!--
   Copyright (c) 2005-2015, WSO2 Inc. (http://www.wso2.org) All Rights Reserved.

   WSO2 Inc. licenses this file to you under the Apache License,
   Version 2.0 (the "License"); you may not use this file except
   in compliance with the License.
   You may obtain a copy of the License at

   http://www.apache.org/licenses/LICENSE-2.0

   Unless required by applicable law or agreed to in writing,
   software distributed under the License is distributed on an
   "AS IS" BASIS, WITHOUT WARRANTIES OR CONDITIONS OF ANY
   KIND, either express or implied. See the License for the
   specific language governing permissions and limitations
   under the License.
-->
<component name="file" type="synapse/template" >
    <subComponents>
        <component name="create">
            <file>filecreate-template.xml</file>
            <description>File creation</description>
        </component>
         <component name="copy">
            <file>filecopy-template.xml</file>
            <description>File copy</description>
        </component>
         <component name="read">
            <file>fileread-template.xml</file>
            <description>File Read</description>
        </component>
        <component name="rename">
            <file>filerename-template.xml</file>
            <description>File Rename</description>
        </component>
         <component name="delete">
            <file>filedelete-template.xml</file>
            <description>File Delete</description>
        </component>
        <component name="move">
            <file>filemove-template.xml</file>
            <description>File Move</description>
        </component>
           <component name="append">
            <file>fileappend-template.xml</file>
            <description>File Append</description>
        </component>
          <component name="archives">
            <file>filearchives-template.xml</file>
            <description>File Archive</description>
        </component>
        <component name="search">
            <file>filesearch-template.xml</file>
            <description>File Search</description>
        </component>
        <component name="copylarge">
            <file>filestreamcopy-template.xml</file>
            <description>File copying with streaming.This will be good for large file transfer</description>
        </component>
           <component name="isfileexist">
            <file>fileexists-template.xml</file>
            <description>Check whether file is exist</description>
        </component>
        <component name="unzip">
            <file>fileunzip-template.xml</file>
            <description>unzip the zip file</description>
        </component>
        <component name="listFile">
            <file>listfile-template.xml</file>
            <description>list the files</description>
        </component>
    </subComponents>
</component>


