<template xmlns="http://ws.apache.org/ns/synapse" name="move">
    <parameter name="file"/>c
    <parameter name="filelocation"/>
    <parameter name="filebeforeprocess"/>
    <parameter name="fileafterprocess"/>
    <parameter name="newfilelocation"/>
    <sequence>
        <log level="full" category="debug">
            <property name="file" expression="$func:file" />  
            <property name="filelocation" expression="$func:filelocation" />
            <property name="filebeforeprocess" expression="$func:filebeforeprocess" />
            <property name="fileafterprocess" expression="$func:fileafterprocess" />
            <property name="newfilelocation" expression="$func:newfilelocation" />
        </log>
        <class name="org.wso2.carbon.connector.FileMove" />
    </sequence>
</template>
