<template xmlns="http://ws.apache.org/ns/synapse" name="create">
    <parameter name="file"/>
    <parameter name="filelocation"/>
    <parameter name="content"/>
    <parameter name="ftpfilelocation"/>
    <parameter name="contenttype"/>
    <parameter name="encoding"/>
    <parameter name="isfolder"/>
    <sequence>
        <log level="full" category="debug">
            <property name="file" expression="$func:file" />  
            <property name="filelocation" expression="$func:filelocation" />
            <property name="content" expression="$func:content" />
            <property name="ftpfilelocation" expression="$func:ftpfilelocation" />
            
        </log>
        <class name="org.wso2.carbon.connector.FileCreate" />
    </sequence>
</template>
