<?xml version="1.0" encoding="UTF-8"?>
<assembly>
    <formats>
        <format>zip</format>
    </formats>

    <includeBaseDirectory>false</includeBaseDirectory>

    <fileSets>
        <fileSet>
            <directory>target/connector/dependencies</directory>
            <outputDirectory>lib</outputDirectory>
        </fileSet>
        <fileSet>
            <directory>target/classes</directory>
            <outputDirectory></outputDirectory>
            <excludes>
                <exclude>**/metrics_module.xml</exclude>
                <exclude>**/META-INF/*</exclude>
            </excludes>
        </fileSet>
    </fileSets>
</assembly>
